['volner janos'],2
['volner'],2
['kepes'],2
['orban'],4
['takarodj'],2
['gyöngyöspata'],2
['gyöngyös'],8
"['korrupció""']",213
"['""emberi jogok""""']",93
"['volner janos""']",4
['ligeti miklós'],2
['transparency'],2
['trianon'],13
['budapest'],32
['adótartozás'],6
['magyar'],16
"['""soros györgy""""']",85
"['""soros györgy""']",61
"['""']",274
['szeged'],49
['korrupció'],101
['viktor'],6
"['""emberi jogok""']",77
"['viktor""']",1
['gyöngyösi'],2
"['gyöngyösi""']",1
"['budapest""']",1
['koppenhága'],2
['klímaváltozás'],57
['kihalás'],2
"['""pusztulnak ki""']",2
"['klímaváltozás""']",11
"['költségvetés""']",33
"['kormányváltás""']",31
"['migráció OR migráns""']",31
['költségvetés'],47
['Derültség'],8
['derültség'],94
['gyurcsány'],18
"['gyurcsány""']",1
"['derültség""']",70
['házelnök úr'],4
['ügyrendben'],2
['ügyrend'],14
['ügyrendi'],2
['kompromisszum'],12
['kikérem magamnak'],5
['elbeszélünk egymás mellett'],2
['demokrácia'],16
['rózsadombi paktum'],2
['proletariátus'],2
['lenin'],2
['erőszakos'],2
['erőszak'],25
['nők'],13
['felháborító'],8
['hazaáruló'],39
['konszenzus'],4
['egyetértés'],2
['közösen'],2
['konszenzus van'],2
['egyetértünk'],2
['nemzeti egység'],2
['hazafi'],4
['közös platformon'],2
['megegyezés'],2
['egyesség'],3
['alakuló ülése'],4
['féreg'],8
"['féreg""']",2
['zaj balról'],4
['zaj jobbról'],2
['taps'],2
['himnusz'],2
['taps balról'],2
['taps jobbról'],2
"['""taps jobbról""']",2
['zaj'],2
['Személyes érintettség'],2
"['felháborító""']",13
['geci'],43
['cigány'],27
['közbeszólások'],2
['csicska'],21
['csicskapárt'],2
['buzi'],43
['cigánybűnözés'],4
['soros'],45
['soros györgy'],15
"['trianon""']",18
['rezsicsökkentés'],35
['kazetta-ügy'],2
['simicska'],11
['négyes metró'],4
['100 lépés'],2
"['""száz lépés""']",2
['gyűlöletbeszád'],4
['gyűlöletbeszéd'],18
['ciánszennyezés'],2
['csernobil'],2
['polgári'],6
"['""polgári Magyarország""']",2
['patkány'],7
['elszámoltatás'],5
['inzulinpumpa'],2
['vodkagyár'],2
['kresztényüldözés'],2
['keresztényüldözés'],2
['nix ugribugri'],2
['migráció'],58
"['keresztényüldözés""']",15
"['kompromisszum""']",7
['tisztelet'],9
['rend'],2
['répa'],2
['mezőgazdaság'],2
['hableány'],2
['Csuhás'],2
['tiszteletlen'],2
['erdély'],6
['apek'],2
['apeh'],24
"['rezsicsökkentés""']",17
"['kikérem magamnak""']",27
"['elszámoltatás""']",15
"['hazaáruló""']",35
"['nix ugribugri""']",17
"['""száz lépés""""']",10
['Kuncze'],2
['Soros'],73
['populizmus'],3
"['jóri""']",2
['pina'],43
['jóri'],2
['fütyi'],6
['marh'],2
['hülye'],11
['orbán'],33
['gémkapocs'],2
['Bajnai'],3
['megyeri lászló'],2
"['""megyeri lászló""']",2
['színház tao'],2
['g7.hu'],2
['g7'],4
"['apeh""']",2
['csuhások'],13
['domokos'],2
['napi.hu'],2
['imához'],7
"['euró""']",27
"['g7""']",11
['fabók'],2
"['migráció""']",26
['amerika'],4
['orosz'],4
['klíma'],18
"['""k-monitor""']",6
['k-monitor'],2
['lakhatás'],6
['tasz'],2
['dobrev'],3
"['dobrev""']",1
['zsidó'],57
['tungsram'],2
['újpest'],2
"['torgyán""']",2
"['raskó""']",4
['homoszexuális'],66
['Petrovszki'],2
['Medgyesegyháza'],4
['pörkölt'],13
['Nagy Béla'],2
['segg'],10
['picsa'],12
['pöcs'],20
['karaj'],2
['görögdinnye'],2
['kurva'],61
['prostitúció'],11
['eutanázia'],4
['stumpf'],4
['meleg házasság'],2
['melegházasság'],2
['abortusuz'],2
['abortusu'],2
['abortusz'],12
['momentum'],8
['mém'],4
['bélszín'],2
['torrent'],4
['Keresztény'],8
['Muszlim'],4
['devizahitel'],22
['Liberálbolsevik'],4
['Liberális'],3
['libsi'],4
['keresztény'],1058
['összefogás'],2
['ellenzéki összefogás'],6
['álliberális'],2
['szerelem'],57
"['szerelem""']",1
['csuhás'],21
['pálinka'],10
"['Kutya""']",2
['Kutya'],2
['mémek'],2
['meme'],2
['harag'],2
['Orbán Viktor'],14
['tiktok'],2
['instagram'],7
['instagramm'],2
['instagramme'],2
['harag napja'],5
['instaú'],2
['insta'],2
['facebook'],10
['marvel'],3
['szuperhős'],2
['szar'],24
['és'],2
['elnök'],2
['asztal'],2
['alma'],4
['mondjon le'],14
"['""mondjon le""']",2
"['""mondjon+le""']",2
['mondjon+le'],2
['mondjon'],2
['Brüsszel'],12
['o1g'],4
['Szeged'],92
['szeretet'],4
['harag AND napja'],5
['pacsi'],2
['twitter'],2
"['""harag napja""']",3
['lol'],4
['el o el'],2
['rofl'],2
['bla'],2
['Beyoncé'],2
['Miley Cyruse'],2
['Miley Cyrus'],2
['Cyrus'],2
['Obama'],4
['Trump'],9
['netflix'],2
['google'],8
['laposföld'],2
['lapos föld'],6
['chemtrail'],4
['gyíkember'],2
['cica'],2
['pacal'],8
"['""vallásoktatás""']",6
['kész zoltán'],5
['max weber'],2
['politológia'],10
['szélsőjobb'],47
['szélsőjobb 1990'],2
['Kommunista'],4
['Homoszexuális'],2
['Zsidó'],13
['euró'],46
['komló'],98
['boda'],2
['boda paks'],2
['patakvér'],14
['dögkeselyűk'],2
"['""polgári közép""']",2
"['""politikai kommunikáció""""']",2
"['""politikai kommunikáció""']",6
['választás'],3
['választások'],2
['kábító'],2
['sör'],10
['bor'],2
['szavazás'],2
['Mészáros lőrinc'],3
['Oligarcha'],4
"['pina""']",6
['Nyugdíj'],2
"['mell""']",4
['boda radioaktiv'],4
"['princiípium""']",2
"['princípium""']",2
['Cafeteria'],2
"['metál""']",2
['Úrizálás'],2
['Urizálás'],2
"['merkovity""']",2
['Földesúr'],2
"['Orbán""']",4
['Stróman'],2
['Kivándorlók'],2
['Bevándorlók'],2
['Zaklatás'],2
['Vandál'],2
['Kórház'],4
['Iskola OR iskolák'],2
['Állami'],2
['Nemzeti'],2
['Olimpia'],4
['Kisemberek'],2
['Keményen dolgozó Kisemberek'],2
['Rezsicsökkentés'],2
['Pálinkafőzés'],2
['Alkoholizmus'],2
['Alkohol'],2
['csöcs'],6
['kaka'],4
['fos'],11
['szendvics'],2
['fing'],4
['e sport'],2
['e-sport'],8
['Szabad György'],2
"['Ingatlan""']",2
"['devizahitel""']",1
['Ingatlan'],3
['Bajnai kormány'],2
['veszélyes'],3
['bajszos'],2
['bajusz'],2
['szakáll'],2
['meleg'],29
['AIESEC'],2
['tolmacs'],2
['tolmács'],3
['Goodfriend'],5
['körmend'],3
['szentgotthárd'],2
['Elégséges'],3
['varga lászló'],2
"['varga lászló""']",11
"['Elégséges""']",6
"['kristyánné""']",2
"['kozma péter""']",10
['klerikális'],2
['komondor'],2
['Klímaváltozás'],9
['Politológia'],5
['Védett természeti'],5
['Geci'],9
"['""european union""']",2
"['""európai unió""']",4
['levelek'],3
"['komló""']",4
['pécs'],4
"['demokrácia""']",14
['törvénykezés'],17
['törvénykezés*'],31
['térdre'],14
['térdre imához'],10
['térdre imára'],4
['hazudik'],8
['kormány hazudik'],4
"['""kormány hazudik""']",6
"['""kormány hazud*""']",4
"['""kormány hazud""']",4
"['""kormány hazudott""']",3
['infoszolg'],2
['infoszolg*'],2
"['""információs szolgálat""']",2
"['""képviselői információs szolgálat""']",2
"['""parlamenti információs szolgálat""']",2
['Ruszkik haza'],2
['Orbán felszólalás'],9
['1995. évi XCIII'],8
['liberális'],18
['gulyás'],2
['állattenyésztés'],2
['ilkei'],3
['bős-nagymaros'],3
['balról'],2
['felzúdulás'],2
['közbeszólás'],2
['euro'],2
['kannabisz'],2
['részvényes'],4
['részvényes*'],9
['műemlék*'],4
['pénzmosás*'],3
"['pénzmosás*""']",1
['v4'],5
['bűnügyi jogsegély*'],2
['börtön*'],4
['lakás'],3
['Gyerekszob'],8
['Gyerekszoba'],5
['stróman'],16
"['NATO""']",19
['pető'],3
['oltás'],2
"['pető""']",3
['dugó'],4
['jobbik'],7
"['""jobbik""']",4
['Soros György'],29
['Orbán'],17
['önkormányzati'],2
['környezet'],6
"['lakás""']",5
['Sátoraljaújhely'],2
['Mondjon le'],19
['Börtön'],5
['Büntetés-végrehajtás'],4
['Orosz'],37
['Fogvatartás'],7
['Trianon'],13
['Kreativitás'],4
['kútfúrás'],6
['Náci'],2
['Pláh'],3
['Oláh'],4
['Kiskunfélegyháza'],80
"['Kiskunfélegyháza""']",2
['Cseres'],4
['jogállam'],4
"['jogállam""']",5
['csaló'],2
['tölgyessy'],2
['szégyen'],5
['bocsánat'],2
['sajnálom'],2
['hajléktalan'],47
['fogyatékkal élő'],2
['migráns'],90
['világkiállítás'],5
['kommunista'],43
['biszku'],3
['ügynök'],13
['Komló'],52
['III/III'],6
"['III/III""']",3
['felelősségre vonás'],2
['Hegedüs'],5
['kommunista bűn'],2
['Cigány'],12
['Murony'],2
['Paks'],5
['Szászvár'],2
['klaudió'],2
['infláció'],2
['gázár'],2
['munkanélküli'],2
['Tiszavasvári'],5
['Sásd'],2
['Iker'],2
['Oroszbarát'],2
"['Balliberalis""']",2
"['Zsido""']",2
"['Tevedtem""']",2
['karácsony'],10
['karácsonyt'],4
['Halál'],2
['Béke'],4
['Megeggyezés'],2
['Kurva'],16
['Infláció'],2
['boldog karácsonyt'],6
['Fasz'],17
"['""boldog karácsonyt""']",2
['zene'],2
['Orfű'],4
['kórus'],2
"['kórus""']",2
['Pécsi tó'],8
['Páty'],3
['Kunbaja'],4
['KónyA'],5
['Kónya'],4
['Bácsalmás'],8
"['kommunista""']",4
['polgár'],11
['magyarság'],4
['idegen'],2
['határon túli'],17
['Kárpát'],2
['Kárpát-medence'],2
['diktatúra'],6
['Putyin'],8
['hadsereg'],2
['vicc'],4
['hvg'],2
['propaganda'],4
['fidesz'],19
['náci'],30
['Erdèly triannon'],5
['fasz'],56
['Cigàny'],3
['múzeum'],4
['könyvtár'],2
['Beregsurány'],2
"['Cigàny""']",4
['bőhm'],4
['KOMLÓ'],3
['Gyermekvédelem'],4
['elvira'],2
['patkánycsödör'],3
['Nyugdíj összege'],5
['baszd meg'],5
['kun béla'],4
['görgei artúr'],4
['illiberális'],5
['nyilas'],4
['Elvira major'],4
['Génbank'],3
['index'],63
['Pétfürdő'],2
['Bakonynána'],3
['Tés'],2
['história'],2
"['Kagi""']",2
['Kagi'],1
['torgyán'],2
['bika'],2
['Magyarhertelend'],4
['Balatonalmádi'],4
['magánnyugdíj pénztár'],5
['Orban'],2
['poros'],2
['mocskos'],2
['Csernobil'],2
['Erdély'],6
['Bilincs'],4
['Kukac'],2
['Geloczi'],2
['Heltai'],2
['Szar'],4
['Németország'],4
['határon túl'],2
['Európai'],2
['egyház'],71
['áruló'],2
['tolvaj'],2
['lopnak'],2
['körülmetél'],2
['fity'],2
['lo'],2
['jedi'],2
['mszmp'],6
['darth vader'],2
['vader'],2
['darth'],2
['covfefe'],2
['halálcsillag'],2
['vajna'],2
['hajdú péter'],2
['sarka'],2
['sarka kata'],2
['rumcájsz'],2
['ramazuri'],2
['balhé'],4
['Kaki'],13
['bérenc'],5
['nagy andrás'],3
['kolbász'],4
['kuki'],6
['puni'],6
['drog'],18
['Matyi'],3
['titkos'],2
['titkosított'],2
['akták'],5
['3/3'],2
['3/3%+'],2
['hattyú'],2
"['hattyú""']",1
['bevándorláspárti'],2
['vízibicikli'],2
['kábítószer'],6
['aranyháromszög'],2
['háromszög'],2
['fasza'],2
['pornó'],37
['porn'],2
['pufajkás'],2
['porno'],2
['leszbikus'],2
['transz'],4
['útelágazódás'],9
['galamb'],2
"['pufajkás""']",2
['mese'],2
['lárifári'],4
['köcsög'],11
['basz'],2
['baszd'],4
"['""mihályfalvi""']",3
['mihályfalvi'],5
['krakus'],4
['lúdas matyi'],2
['döbrögi'],2
['kosárlabda'],3
['blood'],2
['vér'],2
['virsli'],2
['ismerős arcok'],2
['egy vérből valók'],2
['anyád'],10
"['""egy vérből valók""']",2
['anyátok'],2
['anyátokat'],2
"['Medvegy""']",2
['Medvegy'],1
"['""anyád""']",2
['barna kenyér'],2
"['Pina""']",4
['fuck'],2
"['Geci""']",4
['anyádat'],2
"['barna kenyér""']",3
"['Fasz""']",6
"['Köcsög""']",6
['Hordó'],2
"['Zsidó""']",4
"['Elkúrtuk""']",2
['együttműködés'],4
['Bekiabálás'],27
['megállapodás'],4
['vélemény'],4
"['Lógni""']",3
['higgadt'],2
['döglégy'],2
"['Simicska""']",13
['dög'],2
['megvitat'],2
['párbeszéd'],2
['Simicska'],5
['állapodjunk'],2
['állapodjunk meg'],2
"['""állapodjunk meg""']",2
"['""állapodjunk meg""""']",1
['argentin'],2
"['Akasztó""']",2
['béke'],10
['hangos'],2
['hazaárulás'],2
"['""nem értek egyet""']",2
"['Soros""']",4
['indítvány'],6
['Nyugdíjas'],4
['határozat'],2
['kokain'],2
['törvény'],2
['kormányrendelet'],2
['képviselő'],2
['képviselőasszony'],2
['asszony'],6
['kórház'],2
['egyetem'],4
['középiskola'],2
['gimnázium'],2
['egészségügy'],4
['csengő'],2
['kalapács'],2
['hungarista'],2
['horogkereszt'],2
['hölgy'],2
['zöld'],6
['tiltakozom'],2
['mészáros'],7
['hurka'],2
['internet'],115
['tocsik'],6
['utódpárt'],2
['államadósság'],8
"['Jaffa""']",4
['horn gyula'],4
['antall józsef'],2
['bibó istván'],4
['felmelegedés'],10
['éghajlat'],2
['balatoni kerékpárút'],2
['kerékpárút'],2
['minek ment oda'],2
['érettségi'],2
['nyelvvizsga'],2
"['internet""']",2
['somogyért'],3
['kaposvár'],8
"['Paks""']",6
['cickány'],3
['szemét'],2
['rabszolga'],2
['becsület'],2
['kalap'],2
"['Szia, uram']",3
"['google""']",2
['otthonápolás'],14
['eper'],5
"['fasz""']",6
['culáger'],2
['lófasz'],10
['zsidó*'],2
['fasz*'],3
['lófasz*'],2
['himpellér'],4
['himpellér*'],2
['bumburnyák*'],2
"['bumburnyák*""']",2
['pornográfia'],45
['mutyi'],9
['mutyi*'],2
['parancsuralmi'],2
['kiskakukk'],2
['pénz'],7
['brüsszeo'],2
['brüsszel'],10
['abúzus'],5
['oktogon'],2
['cupák'],2
['cupák*'],2
['csintalan'],2
['nutella'],2
['nutell*'],4
['popcorn'],2
"['""pop corn""']",2
['pop-corn'],2
['popcorn*'],2
['bazd meg'],2
['internet*'],16
['atom'],4
['android'],2
['android*'],2
['iphone*'],2
['sukoró*'],2
['fütyi*'],2
['*fütyi*'],2
['fütykös'],6
['fütykös*'],2
['taláros testület'],18
"['""taláros testület""']",5
['kópé'],2
['pernahajder'],4
['alpesi valuta'],2
['gender*'],2
['pisil*'],2
['bögyörő*'],2
['*bögyörő*'],2
['puzsér'],4
['eu'],10
['pajkos'],2
['majré*'],2
['hacacáré*'],2
['hacacáré'],4
['pestiesen'],8
['strabag'],2
['bige'],2
['kizsákmányol'],2
['panelproli'],4
['panelproli*'],3
['gengszterváltás'],2
['zsidóbűnözés'],2
['zsidóság'],2
['izraelita'],2
['reisz t. csaba'],3
['tisztelettel'],2
['hitsorsos'],2
['hitsorsos*'],2
"['""ahogy mifelénk""']",2
['méltó'],4
['ahogy mifelénk'],2
"[""'ahogy mifelénk mondják'""]",2
"[""'mifelénk mondják'""]",2
['oktatás'],10
"['""mifelénk mondják""']",2
"['""népiesen szólva""']",2
['landesmann'],2
['landeszmann'],2
['gyalázatos'],2
['félkarú'],2
['dakota'],7
['csősz'],2
['444'],5
['jugoszláv'],2
"['segg*,']",2
['segg*'],2
['ló'],7
['potter'],2
['harry potter'],2
['teve'],2
['kecske'],2
['macska'],2
"['""kérem szépen""']",2
['medve'],2
['csendet'],4
['Széchenyi'],2
"['""Európai Bizottság""']",2
"['""Európai Parlament""']",2
"['""Sargentini""']",2
['nem a bútort kell lecserélni'],4
['Torgyán Józseg'],2
['Torgyán József'],4
['cseresznye'],2
"['""nem a bútort kell""']",2
['sajt'],2
"[""'nem a bútort kell'""]",2
"['+""nem a bútort kell""']",2
['Gyurcsány Ferenc'],2
['pókhasú'],2
['SZDSZ'],2
['haspók'],2
['haspók*'],2
['postabank'],2
['duolingo'],2
['Kossuth'],2
"['""nincs ingyen ebéd""']",2
['Baross'],2
['Eötvös'],2
['söjtöri'],2
['metélt'],2
['antiszemitizmus'],2
['teringettét'],3
['harcsa'],2
['tisztelt'],5
['takony'],2
['az'],3
['uborka'],2
['szanatórium'],2
['gálvölgyi'],2
['Mutyi'],4
['Lop'],2
['Közpénz'],2
['Úr'],2
['Vona'],3
['pálinka terméktanács'],3
['gripen'],3
"['kurva""']",4
"['buzi""']",15
['Euró bevezetése'],3
"['tickething""']",3
['Vargha Tamás'],7
['Nokedli'],2
['Trutymó'],2
['Körmend'],3
"['Viagogo""']",2
"['24.hu""']",2
['Hegyhátsál'],2
['Kosárlabda'],4
['Kosár'],4
['Foci'],8
"['Foci""']",1
['kaki'],6
"['Kosár""']",3
"['Ngo""']",2
['Beregszász'],2
"['civil szervezetek""']",3
['pudva'],2
['pudvás'],2
['civil szervezetek'],1
['Tanú'],4
['Jehova Tanúi'],3
['hancúr*'],2
['hancúrlacc'],2
['hancúrplacc'],2
['hancúrplacc*'],2
"['24.hu hiroldal""']",2
"['24.hu hir""']",2
['móri'],2
['Péntek'],2
['dínomdánom*'],4
['Töpörtyű'],3
['Bonanza'],4
['Lego'],6
['Kicsi Lego'],3
['Miskolc'],4
['Boldva'],2
['Pina'],4
['Fónagy'],2
['Buzi'],10
['Uránváros'],2
['Tiszaújváros'],2
['Kuruc'],4
['Pizza'],2
['Nőnemű'],2
['Voldemort'],3
['füge'],2
['kuncze eltakarja'],3
['Köcsög'],10
['Furik'],3
['Mánfa'],5
['Magyarszék'],4
['kétfarkú'],18
['iszlám'],6
['kétfarkú kutya'],4
['Nagymaros'],9
"['iszlám""']",2
['kutatás'],3
['homokos'],4
['ozora'],4
['mentőszolgálat'],4
['közzététel'],2
['patacs'],2
['zsebedomb'],2
['miklós'],2
"['Vargha Tamás""']",2
['kormányváltás'],21
"['Szia""']",2
"['Bazdmeg""']",2
['Bazdmeg'],1
"['Kurva""']",3
"['Bazd""']",3
"['Hazárulás""']",2
"['Hazaárulás""']",2
['orbán viktor'],4
"['Komló""']",4
['G. Nagyné Maczó Ágnes'],3
['Vuitton'],2
['Pelenka'],4
['Ráchel'],12
['Ráhel'],3
"['Pelenka""']",2
"['Vuitton""']",2
['Fasiszta'],4
['Fütyi'],2
['Pénisz'],2
['Vagina'],2
['Punci'],8
['Gyurcsány'],8
['lmbt'],2
['okostelefon'],2
"['Gyurcsány""']",15
['hitler'],5
['Momentum'],4
['Torgyán'],4
['denevér'],2
"['""mészáros lőrinc""']",16
"['""tiborcz istván""']",4
['punk'],2
"['punk""']",12
['eminem'],2
['rap'],2
['dopeman'],4
['gulyás márton'],2
['techno'],6
['Migránss'],2
['Migráns'],22
"['hitler""']",2
['számítógép'],2
['multimédia'],2
['putyin'],4
['merkel'],6
['gdpr'],3
['migráció OR migráns'],12
['Oktatás'],7
['Egészség'],2
"['patakvér""']",4
['Kozmosz'],4
['Féreg'],10
['földrajz'],6
['földrajztudomány'],2
['kritikai földrajz'],6
"['""kritikai földrajz""']",2
"['""térbeli egyenlőtlenségek""']",2
"['""térbeli egyenlőtlenség""']",2
['térbeli egyenlőtlenség'],2
['területi egyenlőtlenség'],6
['regionális egyenlőtlenség'],8
"['""regionális egyenlőtlenség""']",2
"['dínomdánom*""']",2
"['""magyar tudományos akadémia""']",2
['életméletminőség'],2
['életminőség'],3
['Keresztényüldözés'],2
"['""pöcs""']",4
['kibaszott'],2
['pecér'],2
['sivalkodik'],2
['sivalkodás'],2
['baszadék'],2
['juhú'],2
['élemedett'],2
['taláros'],2
['örömlálny'],2
['örömlán'],2
['örömlány'],2
['kéjelgés'],2
['pénisz'],18
['genitália'],4
['nemi szerv'],2
"['""nemi szerv""']",2
"['pénisz""']",2
['punci'],8
['vagina'],2
['maszturbáció'],2
['maszturbálás'],2
['maszturbálni'],2
['maszturbál'],2
['simafejű főhadnagy'],2
['simafejű'],2
['Illiberális'],17
['kéjléc'],2
['hímbuzogány'],2
['buzogány'],2
['pöcsfej'],2
['faszjankó'],2
['Hazaáruló'],4
['szarjankó'],4
['szarfej'],2
['szarjanó'],2
['Pufajkás'],5
['sudribunkó'],2
['nyomorettó'],2
['nyomi'],2
['Csomag'],2
['orgazmus'],2
['hímpellér'],2
['kokettál'],2
['kvaterkázik'],2
['geciláda'],2
['geciputtony'],2
['fasztarisznya'],2
['faszzsák'],2
['szarzsák'],2
['tisztesség'],8
['Pufajka'],2
['Népnyúzó'],2
['Pacal'],4
['Rezsiharc'],2
['Rezsi'],4
['papagájkommandó'],2
['hazugság'],2
['tiborcz'],6
['veje'],2
['vő'],2
['szégyellje magát'],2
['szégyelljék magukat'],4
['szégyellem magam'],2
"['""szégyellem magam""']",4
['nem szégyellik magukat?'],6
['nem'],2
['nem!'],2
['nem szégyellem'],2
['szégyellje magát!'],2
['rohadék'],2
['szex'],8
['pristitúció'],2
['szoptatàs'],4
['Óvoda'],4
['családeszmény'],2
['Almaleves'],2
['Lecsó'],4
['schiffer'],7
['Nagy István'],4
['kiserdp'],4
['kiserdő'],5
['kátyúk'],2
['szupersztráda'],2
['információs szupersztráda'],2
['láthatatlan alkotmány'],3
['narancsuralmi'],6
['narancsuralmi rendszer'],15
['vak komondor'],2
['pestiesen mondva'],2
['pestiesen szólva'],7
"['""nem a bútort""']",2
['+bútort +lecserélni'],2
['damaszkuszi'],2
['jákób'],2
"['Lecsó""']",6
['Halászlé'],2
"['""polgári Magyarország""""']",6
['szegény'],8
['bunkó'],2
['kurvapecér'],4
['haha'],2
['hahaha'],4
['hahahaha'],2
['hihi'],4
['hihihi'],2
['hoho'],2
['hohoho'],2
['mingráns'],2
['nuni'],4
['mom'],2
['kőszeg ferenc'],4
"['kőszeg ferenc""']",4
['ferenczy'],2
['cncp'],2
['gazprom'],2
['letelepedési'],2
['elkurtuk'],4
['anya'],6
['horn'],38
"['horn""']",1
['MVM NET'],2
['MVM'],2
['450'],2
['LTE'],2
['5g'],10
['privatizáció'],722
['adatközpont'],2
"['Halászlé""']",7
['micisapka'],4
['nép'],2
['pingvin'],4
['KOMMUNISTA'],6
"['Sásd""']",2
['mdk'],2
['miskolc digitális'],2
"['""miskolc digitális""']",2
['sánta'],2
['kertészeti'],2
['goa'],2
['rock'],2
"['techno""']",35
['gulyás balázs'],2
"['""gulyás balázs""']",2
"['""perjés zoltán""']",2
['torgyán józsef'],4
"['szarzsák""']",4
"['hohoho""']",4
"['KOMMUNISTA""']",2
['Európa'],4
['nyugati'],2
['diktátor'],4
['európai'],12
['férfiak'],2
"['""kikérem magamnak""']",2
"['""nemzeti egység""']",2
['derültség.'],2
['média'],51
['Ózd'],2
['válság'],7
['szegénység'],8
['IMF'],4
['EU'],8
['NATO'],14
['olajszőkítés'],4
['adóigazságosság'],10
['adóelkerülés'],3
['adóigazságos'],6
"['adóigazságos""']",3
['igazságos'],3
"['adóigazságosság""']",8
"['adóelkerülés""']",2
['Bud Spencer'],2
['spongya bob'],2
['south park'],2
['ebola'],2
['filozófia'],2
['ontológia'],2
['Női'],2
['nietzsche'],2
['Foucault'],2
['stiglitz'],2
['máriás'],2
['neizer'],2
['egyenlőtlenség'],2
['paks'],4
['Falu'],4
['oroszország'],2
['angol'],2
['menekült'],11
['pokorni'],2
"['Almaleves""']",2
['Polt Péter'],2
['Éghajlat'],2
"['Éghajlat""']",3
"['Fidesz""']",2
"['KISZ""']",2
['KISZ'],1
['shemale'],2
"['Becker Pál""']",2
['fika'],2
['libbant'],2
['kurva anyád'],2
['mandarin'],2
['öszpd'],2
['ösződ'],2
['e-cigaretta'],2
['Kocsér'],2
['Kerepes'],2
['kuncze'],2
"['""Kerepes""']",2
['Egyházasdengeleng'],2
['Alsómocsolád'],2
['Zalatnay'],2
['elkúrtuk'],2
['turull'],2
['hofi'],2
['csárdi antal'],4
['Sütő András'],11
['hazaszeretet'],3
"['Női""']",10
['Magyar nyelv és irodalom'],5
['Szegény'],4
['Kisember'],2
['Luxus'],2
['Szemkilövés'],2
['Terror'],2
['Csontváz'],2
['Ávó'],2
['monnyon'],2
['rajk lászló szakkollégium'],2
['szakkollégium'],4
['diófa'],2
['ingatlanalap'],2
['pallos'],2
['magzati élet védelme'],4
['heszler'],2
['andrás'],2
['knyihár'],2
['BME'],2
"['BME""']",4
['Budapesti Műszaki Egyetem'],2
['Juncker'],3
"['Segg""']",3
['túzok'],15
['vidra'],2
"['Eurozóna""']",2
['Eurozóna'],1
['unio'],3
['Külhoni'],2
['Határon túli'],2
['Nagy imre'],4
"['""Nagy imre""']",6
['Seress'],7
['Elcsatolt'],2
['Elszakított'],3
['szemöldökcsipesz'],3
['vállalkozás'],6
['lop'],2
['Hitler'],6
['drobilich'],2
['szaros'],2
['energol'],2
['portik'],2
['román'],2
['néger'],2
"['""illegális bevándorló""']",2
"['Momentum""']",3
['simonka'],2
"['Szex""']",2
"['túzok""']",48
"['Hit gyülekezete""']",2
['Hit gyülekezete'],2
['Krassó'],2
['bogád'],2
['pride'],39
['Kristóf'],2
"['""stop soros""']",2
['eladás'],2
['rácz'],2
['Horn gyula'],2
['Gyurcsány  Ferenc'],2
['Bajnai Gordon'],2
['Gruevszki'],2
['Gruevski'],2
['leisztinger'],2
['schiffer andrás'],2
['Új Kezdet'],2
['MIÉP'],2
['kisgazdapárt'],2
"['eladás""']",3
['népvándorlás'],2
['nyugdíj'],4
['nyolcév'],2
['szlovák'],2
['elmúltnyolcév'],2
['elmúlt'],2
['elmúlt nyolc'],3
"['""elmúlt nyolc""']",3
['geciu'],2
"['""Tisza István""']",2
['ráckeve'],2
['átlátszó'],2
['gyermekjog'],7
['gyermekjog or gyerekjog'],2
['gyerekjog'],2
['gyerekek'],2
['gyermek'],2
['sajátos nevelési igényű'],10
['SNI'],6
['evangélikus'],12
"['evangélikus""']",1
"['""fabiny tamás""']",2
['fabiny tamás'],2
['fabiny'],3
"['""Tisza István""""']",11
['Mihályi Péter'],3
['kórházi adóságállomány'],2
['kórházak adósságállománya'],2
['kárpótlás'],4
['Bauer Tamás'],2
"['kórházak adósságállománya""']",4
['MRP'],2
['Földes Anna'],2
['Horváth Zoltán'],2
['közbeszerzés'],2
['(kórház OR egészségügy OR beteg) AND (adósság OR deficit OR tartozás OR hátralék OR elmaradás OR hiány OR hitel OR csőd)'],25
"['""Horthy Miklos""']",2
"['""Nagy Imre""']",2
"['""Nagy Imre""""']",1
['foci'],4
['labdarúgás'],2
['felcsút'],4
"['alma, korte']",2
['mészáros lőrinc'],3
['saller'],2
['koki'],2
['ugribugri'],2
['ugri bugri'],2
['nix'],2
['áldott'],2
['gei'],2
['részeg'],2
['barom'],4
['kakadu'],2
['madagaszkárr'],2
['madagaszkár'],2
['nagykörű'],2
['tankötelezettség'],2
['Szex'],2
['Csicska'],5
['Csicskapárt'],2
['Karácsony'],13
['nem volt fideszes'],5
['nem volt fideszes ügyész'],2
"['Szar""']",4
"['Fekália""']",2
"['Kankó""']",2
"['Anyád""']",2
"['Féreg""']",2
['egészség'],2
['veszély'],2
['akadémia'],4
['vékény'],2
['hosszúhetény'],2
['elcoteq'],2
"['CEU""']",3
"['maffia""']",2
"['karácsony""']",2
"['lovász""']",4
['Mta'],2
['Lőrinc'],4
['Pride'],4
['Egynemű'],4
['Megtámadtatás'],4
['obán'],2
['Ügynök akta'],3
['Kuncze Gábor'],10
['Őszöd'],4
['Őszödi'],2
['személy'],2
['köztársaság'],18
['magyarok'],2
['agyar'],2
['agyarország'],2
['magyarország'],2
['európa'],10
['ellenség'],2
['ellenfél'],2
['nemzet'],4
['zsidók'],2
['izrael'],4
['jajvédő'],2
['fajvédő'],2
['nemzeti szocialista'],2
"['""nemzeti szocialista""']",2
['alkotmány'],4
['alaptörvény'],9
"['""alkotmányos demokrácia""']",2
['konstitúció'],2
"['rezsi""']",2
"['vasember""']",2
['baloldal'],2
['szolidaritás'],5
['roma'],10
['Mohács'],4
"['konvergencia""']",2
"['polgár""']",2
"['abortusz""']",2
"['melegházasság""']",2
"['hatvan""']",2
"['józsefváros""']",2
"['cigány""']",2
"['roma""']",2
"['örökség""']",2
"['műemlék""']",2
"['holokauszt""']",2
['Bánya'],4
"['felszabadulás""']",2
"['zsidó""']",4
['poszt kommunista'],3
"['kötél""']",2
"['lemond""']",2
['hülyeség'],2
"['seuso""']",2
['gyermek vállalás'],2
['komcsi'],4
['bunkócska'],2
['lmp'],2
['fasiszta'],16
['civil'],2
['homofóbia'],7
['Pink floyd'],2
['Hétköznapi csalódások'],2
['Bajszos'],2
['Bajszos szar'],2
"['""szar""']",2
['önkormányzat'],9
['városrehabilitáció'],2
['városrekonstrukció'],2
['kilakoltatás'],2
['uzsora'],2
['szopófantom'],2
['szopó'],2
['irán'],2
['clinton'],2
['botrány'],2
['tek'],22
['társadalomelmélet'],2
['antropológia'],2
['kisvárda'],2
['peszle'],2
['dzsentrifikáció'],4
['marx'],2
['rali'],2
['kína'],12
['zsugorodás'],2
['szolidáris'],2
['óvás'],2
['hallgatói hálózat'],2
['plágium'],2
['önkormányzati adósság'],2
['rákosmente'],2
['egyetemfoglalás'],2
['házfoglalás'],2
['squat'],2
['zendülés'],2
['tgm'],2
['szakszervezet'],2
['Horthy'],6
['pető iván'],2
"['pető iván""']",3
['tata'],4
['titkosszolgálat'],2
['világválság'],2
['emberek'],6
['nyugdíjrendszer'],2
['megszorítás'],2
['költekezés'],2
['túlköltekezés'],2
['űrkutatás'],2
['CERN'],2
['lézer'],2
['magyar tudományos akadémia'],2
['gyerek'],2
['háboru'],2
['háború'],8
"['euró bevezetése""']",2
"['széf""']",2
"['soros györgy""']",2
"['bokros-csomag""']",2
"['ügynök""']",4
"['akta""']",2
"['besúgó""']",2
"['ügynökakták""']",2
"['helikopter""']",2
"['máv""']",2
"['egészségügy""']",2
"['tandíj""']",2
"['kárpótlás""']",2
"['iszap""']",2
"['balaton""']",2
"['lop""']",2
['tisza istván'],2
"['tisza istván""']",3
['Buzu'],2
['Tiborcz'],4
['Nagy Imre'],2
"['Nagy Imre""']",1
['szegedi'],17
['Tisza-híd'],7
['Tisza híd'],7
['Jónapot'],2
['büdösbogár'],2
['felélik'],2
['Patkány'],2
['Botka'],9
['Ferroép'],4
['Népfőiskola'],3
['Lakitelek'],3
['Jászfényszaru'],3
['melegek'],2
['Hülye'],2
['szegedi közgyűlés'],3
['B. Nagy'],3
['Martin Schulz'],3
['szegedi közgyűlést'],3
['Szegedet'],3
['Szegednek'],2
['Természet'],3
['Természetvédelem'],4
['Natura'],2
['Pokol Béla'],6
['Diktatúra'],2
['Autoriter'],2
['Kiüríttetem'],2
['Bihari Mihály'],2
['Székesfehérvár'],4
['Felcsút'],2
['Európa végnapjai'],2
['Budapest'],6
['Pokol tanár úr'],2
['Habony'],2
['Rabszolga'],2
['Család'],2
['Kádár'],4
['Apró'],2
['Öszöd'],2
['Őszödi beszéd'],2
['Magyar'],2
['Moszkva'],2
['Ángyán'],2
['Irredenta'],2
['Cigánybűnözés'],2
['Szent korona'],2
['Sopron'],2
['Ajka'],2
['Vörösiszap'],2
['Veje'],2
['Hableány'],2
['Fülke'],2
['Csalás'],4
['Soros györgy'],2
['Pokol képviselő'],2
['Szeged-Belgrád'],3
['Schengeni'],2
['kárpótlási jegy'],3
['Bevándorló'],5
"['""demokratikus politizálás színtere""']",2
"['""utcai politizálás""']",2
"['""utcai politizálás""""']",2
['Zoltai'],2
['Népszava'],2
['MTK'],2
['kalmár ferenc'],2
['kalmár ferenc and szeged'],2
['kalmár ferenc szeged'],2
['bartha lászló'],2
['bartha lászló szeged'],2
['bohács zsolt'],4
['bohács zsolt szeged'],3
['1956'],5
['1989'],5
['bodó imre szeged'],4
['nógrádi zoltán szeged'],2
"['nógrádi zoltán szeged""']",2
['friedrich istván'],2
['esélyegyenlőség'],3
['gurmai'],4
"['""Csillagok háborúja""']",2
"['""Star Wars""']",2
"['""jedi""']",8
"['""sith""']",4
"['""vader""']",2
"['""skywalker""']",4
"['""han solo""']",2
"['""leia""']",4
"['""yoda""']",4
"['""obi-wan""']",2
"['""kenobi""']",2
"['""jabba""']",2
"['""hutt""']",2
"['""vuki""']",2
['vegán'],4
['vegetáriánus'],2
['rákkeltő'],2
['pedofil'],3
['elmúlt 8 év'],2
['elmúlt nyolc év'],2
['Gyucsány kormány'],3
['Gyurcsány kormány'],2
['Jászberény'],30
['székesfehérvár'],16
['Taxi'],3
['konzervatív'],6
['obama'],2
['trump'],2
['lengyelország'],2
['észtország'],2
['csanád'],2
['Szolnok'],2
['fideszes korrupciós ügyek'],2
['Jahn Ferenc'],3
['tudomány'],4
['szociális'],2
['természetvédelem'],2
['sajtószabadság'],2
['nyilvánosság'],2
['közpénz'],2
['falu'],2
['önkomrányzat'],2
['kiskorú büntethetőség'],3
['kiskorú'],2
"['otthonápolás""']",10
['Oroszország'],9
['református'],6
['Isten'],6
['katolikus'],2
['Európa Rádió'],2
"['református""']",8
['TeIR'],2
['Területfejlesztés'],7
"['Területfejlesztés""']",26
['Területfejlesztési'],2
['Balaton'],2
['Balatoni'],2
['Labdarúgás'],2
['Stadion'],25
['Labdarúgó'],2
['Szegénység'],2
"['Stadion""']",27
['Olaj'],6
['Tocsik'],2
"['Atomerőmű""']",2
"['Tamási""']",2
"['Süli""']",2
['brexit'],2
['font'],2
['frank'],2
['hajlektaan'],2
['hajlektalan'],2
['gyurcsany'],2
['vona'],2
"['gender""']",3
"['nők""']",3
"['melegek""']",3
"['feminista""']",3
"['feminista OR femnizmus""']",3
['víz'],7
['víz ára'],6
"['""elmúlt nyolc év""']",15
['barbie'],2
['Sakk'],3
['Pàsztó'],10
"['friedrich istván""']",6
"['Területfejlesztési""']",8
"['Szeged""']",2
['régió'],5
['regionális'],4
['településfejlesztés'],4
['településpolitika'],3
['LMP'],3
['Mosonmagyaróvár'],4
['karvalytőke'],4
['algériai'],4
['algéria'],4
['algír'],4
['zsibvásár'],4
['zsibvásárt'],4
['kufár'],6
['kufárok'],3
['sárga csekk'],2
['sárga csillag'],2
['adó'],5
['ország'],2
['országos'],2
['smart'],5
['multik'],2
['extra profit'],2
['extraprofit'],2
['adófizető'],2
['európai unió'],4
['regionális politika'],2
"['oligarcha""']",4
"['orosz""']",2
"['putyin""']",4
"['szemét""']",4
"['migráns""']",8
"['rohadék""']",2
"['rohadt""']",2
['Zsiros'],3
"['Zsiros""']",9
['Vép'],3
['makó'],11
"['makó""']",2
['hagymatikum'],4
['okos város'],4
"['""okos város""']",2
"['""okos város""""']",1
['nő'],2
['férfi'],2
['halál'],2
['sakk'],4
['Polgár Judit'],2
['sakkozó'],3
['hógolyó'],2
['baszni'],2
['király'],4
['bukowski'],2
['Eastwood'],2
['Rambo'],2
['szabadság'],9
['önkormányzatok'],2
['erkölcs'],2
['erkölcsök'],2
['Szabolcs-Szatmár-Bereg'],2
['filozófiai'],2
['Eötvös József'],2
['levéltári'],2
['vajda jános'],2
['kölcsey'],2
['vásárosnaményi'],3
['Vásárosnamény'],7
['valláserkölcs'],2
['valláserkölcsi'],2
['Dr. Kiss Gábor'],2
['Bibó István'],2
"['""kiss gábor""']",116
['kiss gábor'],5
['szociális bértábla'],12
"['szociális bértábla""']",4
['szociális dolgozók'],2
['szociális szektor'],2
"['szociális szektor""']",2
['szociális dolgozól bére'],2
['szociális dolgozók bére'],2
"['szociális dolgozók bére""']",2
['gyógypedagógia pótlék'],2
"['gyógypedagógia pótlék""']",2
['őstörténet'],2
['Fehérgyarmat'],3
['Tilki'],3
['magánrepülő'],2
"['alaptörvény""']",10
['jászság OR jászberény'],3
"['jászság OR jászberény""']",2
['barna eső'],14
"['""barna eső""']",3
['csótány'],2
['Orbán viktor'],2
['simicska lajos'],2
['Nemzeti Emlékcsarnok'],5
['komunista'],2
['szocialista'],4
['komunizmus'],2
['kommunizmus'],10
['kádár jános'],4
['közigazgatás'],2
['mszp'],11
['Jézus'],2
['isten'],2
['jólét'],2
['Túróscsusza'],3
['Túrós csusza'],3
['csusza'],2
['túrós csusza'],2
['disznó'],2
['seg'],4
['popsi'],2
['csirkemell'],2
['fatökű'],2
['kretén'],2
['horthy'],3
['közút'],31
['szellentés'],2
['szellent'],2
"['közút""']",2
['rottyant'],2
['czerván'],2
['rozoga'],2
['Besenyő'],2
['kackiás'],4
['czerván 31'],2
['Részeg'],3
"['czerván 31""']",2
['Csecs'],2
['himbilimbi'],2
['rá jön a szapora'],4
['menyecske'],2
['liberális férgek'],2
['szabó albert'],2
['identitás'],2
['haza'],2
['ügynökakták'],2
['ügynök akták'],2
['Biszku'],2
['különbíróság'],3
['bíróság'],2
['vonalbezárás'],2
['vasútvonal'],3
['homoszexuálisok'],4
['törő gábor'],2
['kapitali*'],5
['kapitali*+kommuni*'],2
['olimpia'],5
['civil*'],2
['roma*'],2
['rendszervált*'],2
['felsőoktatás'],2
['kalocsa'],2
['Makó'],19
['buzás péter'],4
['forradalom'],2
"['forradalom""']",3
['bevándorlás'],3
['Tiba'],2
['Szóllát'],2
['Szóllát Tibor'],4
['Kiss Tibor'],3
['Szólláth Tibor'],6
"['Szólláth Tibor""']",16
['pesterzsébet'],5
"['pesterzsébet""']",2
['unió'],2
['alapjövedelem'],24
"['alapjövedelem""']",9
['pederaszta'],2
['homo'],2
['staller'],2
['lovag'],55
['rezsi'],3
['démon'],2
['e-mail'],2
['TEK'],2
['AIDS'],2
['klímakatasztrófa'],4
['fenntarthatóság'],4
['zöldpolitika'],2
['öko'],2
['klíma változás'],2
"['lovag""']",2
['fenntartható fejlődés'],3
['kapitalizmus'],14
['kapitalista'],8
['nácizmus'],2
['bolsevizmus'],4
['liberalizmus'],2
['klímapolitika'],2
['feminizmus'],2
['feminista'],7
['homofób'],5
['mélyszegénység'],2
['felzárkózás'],2
['aids'],4
"['homoszexuális""']",10
['Bánki Erik'],2
['Napfényfürdő'],2
['Aquapolis'],2
['szegedi fürdő'],7
['ingyenpénz'],2
['felvidék'],6
['felvidéki'],2
['felvidek'],2
['somorja'],2
['kétnyelvű dél-szlovákia'],4
['boldoghy'],2
['gubík'],2
['tejfalu'],2
"['""Soros György""']",2
"['""kiss gábor""""']",17
['puskás'],2
['puskás ferenc'],3
"['narancsuralmi rendszer""']",4
['dakota közmondás'],2
['tudniillik'],5
"['""magam részéről""']",3
"['""na már most""']",2
['offshore lovag'],2
['mutyi kormány'],2
['mutyizás'],2
['mutyizni'],3
['mutyi OR mutyizás'],2
['kishódos'],2
['garbolc'],2
['méhtelek'],2
['kispalád'],4
['villamosítás'],2
['szegedi híd'],63
['szabadságharc'],2
['szabedelvű'],2
['szabadelvű'],2
['szociáldemokrata'],2
['nemzeti'],2
['republikánus'],2
['föderatív'],2
['föderáció'],2
['szabad'],6
['korrupt'],6
['nyugat'],5
['történelmi'],5
['szülőföld'],5
['vita'],6
['ellenzék'],5
['dk'],5
['környezeti'],6
['önkormányzatiság'],4
['újszegedi'],2
['vasúti híd'],2
['Bartha'],2
['Ország adósság'],2
['Ország adósság állománya'],69
['adósság állománya Ft-ban'],5
['Makó elővárosi'],4
"['Nyerges Tibor""']",2
['Nyerges Tibor'],1
"['oláh sándor""']",2
['oláh sándor'],1
"['pál józsef""']",4
"['palotás jános""']",4
['Kisnémedi'],2
['püspökszilágy'],4
['bogádmindszent'],3
['Edelman György'],2
['harrack Péter'],2
['Vác'],2
['horthy miklós'],2
['adolf hitler'],2
['gyurcsány ferenc'],2
['tiborc'],2
['Farkas Flórián'],23
['Farkas Flórián felszólalásai'],4
"['papp pál""']",4
"['Papp Pál""']",2
"['Pálfy István""']",4
"['nagy tamás""']",6
"['Lassu István""']",3
['kutya'],1
"['kutya""']",5
['szegedi vasúti híd'],4
['Szeged híd'],7
['kormány szegedi híd'],2
['Szabó Sándor'],3
['Szabó Sándor híd'],2
['Szabó Sándor Tisza-híd'],2
['B. Nagy László Tisza-híd'],2
['Bartha László Tisza-híd'],2
['Bartha László híd'],2
['Bartha László vasúti híd'],4
['Barta László vasúti híd'],4
['Bartha László szegedi híd'],3
['Lázár János híd'],5
['Makó-Szeged elővárosi'],3
['Szeged vasúti híd'],8
['kizsákmányolás'],2
['tőke'],2
['tőke felhalmozás'],2
['kapitalista termelés'],3
"['börtön*""']",1
['törésvonal'],2
['ideológiai'],2
['ideológia'],2
['homoszex'],2
"['privatizáció""']",41
"['""azonos neműek""']",2
['fehérvár'],7
['Roma'],12
"['Cigány""']",1
['Olajszőkítés'],10
['Olajszőkítés Pintér'],3
['metoo'],3
['klímavàltozàs'],4
['klímavàlsàg'],4
['globàlis felmelegedés'],3
['törvénykez*'],2
['törvénykez* bíróság*'],2
['törvénykez* and bíróság*'],2
['törvénykez* and bíró*'],2
['törvénykez* + bíró*'],2
['törvénykez* bíró* igazság*'],2
['taláros testület*'],2
['törvénykezés* törvébyhozás*'],2
['törvénykezés* törvébvhozás*'],2
['törvénykezés* törvényhozás*'],2
['mifelénk'],5
['unparliamentary'],2
['unparliament'],2
['unparliament*'],2
['országgyűlési könyvtár*'],2
"['""országgyűlési könyvtár""*']",14
"['""országgyűlési könyvtár""']",2
"['""országgyűlési könyvtár*""']",2
"['""országgyűlés* könyvtár""']",2
['habony'],2
['farkas flórián'],2
['vasút'],2
['farok'],2
['faszom'],2
['bumburnyák'],2
"['""nyolcadik kerület""']",2
"['""8. kerület""']",2
"['""kerület""']",2
"['""VIII kerület""']",21
['józsefváros'],7
['nyomor'],2
['bíró márk'],2
['star wars'],2
"['star wars""']",4
['csillagok áborúja'],2
['csillagok háborúja'],6
['csillagok háborúj'],2
"['""csillagok háborúja""']",4
"['""luke""']",4
"['""az erő""']",2
"['""az erő legyen veled""']",2
"['""organa""']",2
"['""padmé""']",2
"['""amidala""']",2
"['""sötét oldal""']",2
"['""tatuin""']",4
"['""Birodalom""']",2
"['""Galaktikus Birodalom""']",2
"['""palpatine""']",2
"['""jeditanács""']",4
"['""jedi lovag""']",2
"['""elmetrükk""']",2
"['""jedi erő""']",2
"['""világos oldal""']",2
"['""baljós árnyak""']",2
"['""klónok""']",2
"['""klónok támadása""']",2
"['""a klónok támadása""']",6
"['""A sith-ek bosszúja""']",2
"['""Egy új remény""']",2
"['""új remény""']",2
['Egy AND új AND remény'],2
['baljós AND árnyak'],2
['csillagok AND háborúja'],2
['megszólít'],2
['szoknya'],3
['állampolgár'],2
['állampolgári'],2
['állampolgárokkal'],2
"['""állampolgárokkal""']",2
['Kiss gábor'],3
['Dr Kiss Gábor'],6
['sima liba'],2
"['""alsó hangon""']",5
"['euro beveztése""']",2
['euro beveztése'],1
"['bevezet""']",2
['bevezet'],16
"['euro""']",2
"['céldátum""']",2
['céldátum'],1
"['Euró""']",2
"['Euró bevezet""']",2
['budapesti vegyiművek'],4
"['budapesti vegyiművek""']",4
['Kübekháza'],20
['Tiszasziget'],9
['Újszentiván'],8
['Deszk'],7
['Domaszék'],7
['Dóc'],5
['Röszke'],9
"['informatika""']",3
"['fertőzés""']",2
['gönyű'],3
['Algyő'],4
"['Dóc""']",1
['Ferencszállás'],2
['Klárafalva'],2
['Petőfiszállás'],2
['Sándorfalva'],4
['Szatymaz'],6
['Zsombó'],2
"['""harmadik híd""']",2
"['""harmadik híd"" and Szeged']",2
['harmadik híd and Szeged'],2
['Szeged and híd'],2
['Röszke and szír'],2
['Debrecen'],5
['Pécs'],2
['Kecskemét'],2
['Obstrukció'],3
['ozonlyuk'],2
['szendiokszid'],2
['co2'],2
['harmas'],2
['harmas metro'],2
['bajnai'],2
['mátrai erőmű'],7
['liberál'],2
['Kisújszállás'],3
"['Kisújszállás""']",1
['ado'],2
['adobevallas'],2
['kurva anyádat'],5
['újiráz'],3
['nagyszentjános'],2
['kőris'],10
['kőris gomba'],4
['gomba'],3
['Monor'],2
"['Monor""']",1
['nemzeti toke'],3
['nemzeti tőke'],2
['tőkés osztály'],2
['nemzeti nagy tőkés'],2
['nagy tőkés'],2
['nagy tőkések'],4
['nemzeti tulajdonosok'],4
['Déli Tisza-híd'],3
['híd'],2
['harmadik híd'],2
['hajózás'],2
"['kisújszállás""']",2
['kisújszállás'],4
['Nirvana'],2
['Metallica'],2
['Sátánizmus'],2
['politikus'],2
['Stefán'],8
['lókupec'],2
['migárns'],4
['arató gergely'],4
"['Buzi""']",2
['olajszokites'],2
"['olajszokites""']",3
['Szél Péter'],3
['Szabolcsveresmart'],6
['Kisvárda'],2
['Szabó Lukács'],5
['Solt pál'],4
"['Solt pál""']",3
['Olajbizottság'],3
['sikicska'],3
['herczeg tamás'],4
['osztolykán'],2
"['osztolykán""']",3
['osztolykán roma'],3
['papok'],2
"['""papok""']",2
['papok orbán'],2
"['papok orbán""']",1
['300'],2
['300 euró'],2
['300 forint fölé emelkedik'],7
"['""300 forint fölé emelkedik""']",2
"['euró ""le kell mondania""']",2
['300 forint euró'],2
['forint AND euró'],33
"['forint AND euró""']",5
"['Torgyán József""']",2
"['hát""']",2
"['tulajdonképpen""']",2
"['voltaképpen""']",2
"['izé""']",2
"['vajon""']",2
['poliészter'],2
"['poliészter""']",1
['vásárhelyi Pál'],2
"['""Vásárhelyi Pál""']",2
['titkár úr'],25
['politikai vita'],2
['Z. Kárpát Dániel'],4
['dr. Kádár Béla'],4
['Számvevőszék'],14
['családon belüli erőszak'],85
"['""belüli erőszak""']",2
"['""családon belüli erőszak""']",26
['Egészségügy'],2
"['""házasságon belüli nemi erõszak""']",2
['Horváth Ágnes'],2
"['""nők elleni""']",4
"['""családon belüli""']",3
['Molnár Lajos'],2
"['""isztambuli egyezmény""']",5
"['Molnár Lajos""']",1
['1990'],3
"['családon belüli erőszak""']",4
['nők erőszak'],4
['házasságon belüli erőszak'],2
['bartók tivadar'],2
['bartók'],2
['városliget'],7
"['városliget""']",7
['media'],2
['.'],2
"['bartók""']",2
['schweizer'],2
['schweitzer'],2
['schweitzer józsef'],2
"['keresztény""']",78
['keresztény egyház'],7
"['egyház""']",4
['civil társadalom'],25
"['civil társadalom""']",1
['civil társadalom egyház'],2
['civil társadalom keresztény'],2
['gyermekek jogai'],2
"['""gyermekek jogai""']",10
['keresztény család'],2
['keresztény abortusz'],2
['keresztény LGBT'],2
['keresztény pride'],2
['keresztény meleg'],2
['keresztény homoszexuális'],2
['keresztény migráció'],4
['keresztény menekült'],4
['keresztény migráns'],4
['keresztény identitás'],76
['keresztény európ'],2
['keresztény európa'],2
['apa'],4
['rendszerváltás'],29
['nyugdíj reform'],10
['magán-nyugdíjpénztári rendszer'],2
"['Foucault""']",2
['adósság'],6
['rendőri visszaélések'],2
['javaslat'],6
['az emberek'],6
"['""a magyar emberek""']",2
['elit'],2
['fenyeget'],2
['fenyeget*'],2
['a magyar emberek'],2
['mi magyarok'],3
"['""mi magyarok""']",3
"['Pécsi Ildikó""']",2
"['pesti ferenc""']",2
"['petrenkó János""']",2
['darvas iván'],4
['atyánszky'],2
"['atyánszky""']",2
['mentelmi jog'],3
"['mentelmi jog""']",1
['demeter'],9
['ensz'],3
['lónak'],4
['lopott'],3
['fegyver'],4
['lónak a faszát'],2
['lónak a fasza'],4
['atomerőmű'],2
"['""kurva anyját""']",2
['francba'],2
['lófaszt'],2
['lónak a'],4
"['""lónak a ""']",2
['faszűt'],2
['faszát'],2
['faszt'],2
['orbán egy'],2
['orbán egy geci'],2
['Baszd meg'],2
['Női privilégium'],2
['térde imához'],5
['vásárhelyi pál'],3
['Budaörs'],3
['eurostat'],9
['Felvonó'],4
"['Budaörs""']",2
['Budakeszi'],10
['Xv. Kerület'],3
['Magyar Narancs'],4
['Mátészalka'],3
"['államadósság""']",6
['Piréz'],3
['állatkínzás'],4
"['állatkínzás""']",3
['térdre csuhások'],2
['káoszkoalíció'],2
['koalíció'],2
['bridge'],2
"['bridge""']",1
['híd rádió'],2
['HM EI'],2
['Szalay Miklós'],2
"['""Szalay Miklós""']",2
['Media1'],2
"['""Szalay Dániel""']",2
"['köcsög""']",2
['RTL'],2
['Cartoon'],2
['TV2'],3
"['Seszták""']",2
['Seszták'],1
"['Dombrád""']",2
"['Seszták miklós""']",2
['Seszták miklós'],9
['Rádió'],5
['Airport'],5
"['Airport""']",6
['Ferihegy'],3
['Walkign adde'],4
['Walking dead'],4
['Karácsonyt'],4
['Boldog karácsonyt'],3
['kurvaú'],2
['végh'],2
['vigh lászló'],5
['Youtube'],2
['Instagram'],2
['Putin'],2
['bazdmeg'],2
['idióta'],2
['éghajlatváltozás'],3
['szigony'],2
['tömő'],4
['tömő utca'],3
['népszinház'],2
['miskolc'],5
['tiszacsermely'],5
['cigánd'],3
['seszták miklós'],8
['kövér lászló'],35
['kövér lászló nemzet'],2
['kövér lászló gyurcsány'],3
['mszp kövér'],3
['határon túli magyarok'],21
['határon túli magyarok kövér'],32
['határon túli kövér'],4
['antall'],12
['kövér lászló ndf'],2
['kövér lászló mdf'],2
['kövér lászló mdf bukás'],2
['kövér lászló olimpia'],23
['olimpia fidesz'],2
['deutsch tamás stadionok'],2
['deutsch tamás stadion'],2
['deutsch tamás beléptető'],2
['Koncz'],8
['kocsiű'],2
['kocsi'],2
['beteg'],10
"['beteg""']",3
['debrecen'],3
['Porcsin Zsolt'],3
['Balogh krisztina'],3
['MTVA'],6
['Balogh'],2
['jászberény'],15
['meszaros'],2
['meszaros lorinc'],2
['kivàndorlàs'],3
['babák'],3
['magyarország ellen'],4
"['""magyarország ellen""']",4
['index.hu'],2
['444.hu'],2
['figyelo.hu'],2
['figyelő'],2
['ingatlan'],3
['kereszténység'],100
['kereszténység oktatás'],31
['kereszténység nevelé'],2
['kereszténység nevelés'],2
"['kereszténység nevelés""']",1
['keresztény nevelés'],4
['keresztény oktatás'],10
['keresztény kultúra'],60
['keresztény magyarság'],4
['keresztény nemzet'],4
['keresztény hatalom'],4
['keresztény érték'],64
['keresztény állam'],4
['rétvári bence'],2
['álomvölgy'],2
['belgium'],2
['nogo'],2
['no-go'],2
['lemond'],2
['lemondok'],2
['lépjünk ki'],2
['keresztény demokrata'],6
['keresztény demokrata néppárt'],2
['keresztény nemzeti kurzus'],21
['Horváth János'],5
"['Horváth János""']",2
['csenger'],5
['gaál'],5
['hálózat'],2
['keresztény erkölcs'],155
['keresztény etika'],102
['keresztény morál'],4
['keresztény értékrend'],4
['keresztény konzervatív'],2
['keresztény nemzeti'],80
"['keresztény érték""']",1
"['keresztény etika""']",1
"['keresztény hatalom""']",1
['keresztény hit'],164
['keresztény kultúra érték'],2
['keresztény hit érték'],2
['harrach'],6
['szexfilm'],2
['sex'],2
['Kőris'],2
"['Kisvárda""']",2
['szinház finanszírozás'],2
['színház finanszírozás'],3
"['színház finanszírozás""']",4
['kultúra szabadsága'],3
['színház függetlenség'],10
"['színház függetlenség""']",2
['közmunkás'],2
['sztaki'],4
['martonvásár'],4
['orgona'],2
['kulturális'],2
['kulturális alap'],2
['Szebik'],4
['balás istván'],2
"['Szebik""']",13
['Baj'],2
['Roma identitas'],2
['Színház'],4
['szexuális'],6
['Balás'],2
['őszödi'],2
['szociológia'],3
['kovách'],2
['kovach'],2
['mandiner'],2
['azonnali.hu'],2
['széchenyi istván szakkollégium'],2
['Via'],2
['felsőház'],30
['főrend'],2
['Főrendiház'],5
"['Főrendiház""']",2
['főrendiház'],7
"['felsőház""']",2
['népszavazás'],2
['közvélemény'],6
['népakarat'],2
['szebik'],4
['büdös cigány'],2
['theather'],2
['thather'],2
['thacher'],2
['freedman'],2
['freeman'],2
['IKIR'],2
['borbála'],2
['deák téri evangélikus'],2
['font sándor'],4
['Izrael'],2
['cigányfúró'],2
['hódmezővásárhely'],7
['szabad györgy országgyűlés hivatal'],2
"['szabad györgy ""országgyűlés hivatal""']",3
"['""országgyűlés hivatal""']",2
['országgyűlés'],2
['országgyűlés feladat'],2
"['""országgyűlés feladat""']",2
"['""országgyűlés szerep""']",2
['országgyűlés szerep'],2
['országgyűlés hivatal'],2
['országgyűlés köztisztviselő'],2
['országgyűlés tisztviselő'],2
['Sör'],2
['Bor'],2
['ökológia'],2
['kisközösség'],2
['halkan'],3
['asd'],2
