term	count
keresztény	685
keresztény hit	132
keresztény etika	103
kereszténység	100
keresztény nemzeti	80
keresztény identitás	74
keresztény érték	65
keresztény kultúra	56
egyház	39
kereszténység oktatás	31
civil társadalom	26
keresztény nemzeti kurzus	21
keresztény erkölcs	20
keresztény oktatás	10
keresztény egyház	7
keresztény demokrata	6
keresztény hatalom	5
keresztény állam	4
keresztény magyarság	4
keresztény értékrend	4
keresztény morál	4
keresztény nemzet	4
keresztény nevelés	4
kereszténység nevelés	3
kereszténység nevelé	2
keresztény menekült	2
keresztény migráns	2
keresztény migráció	2
civil társadalom egyház	2
keresztény konzervatív	2
keresztény demokrata néppárt	2
civil társadalom keresztény	2
rétvári bence	2
